Mã,Tên Chương Trình,Thời Gian Chương Trình
1,Chương trình đào tạo lập trình viên,36
2,Chương trình đào tạo quản trị mạng,24
3,Chương trình đào tạo kỹ sư phần mềm,30
4,Chương trình đào tạo an ninh mạng,36
5,Chương trình đào tạo thiết kế web,18
6,Chương trình đào tạo lập trình viên,36
7,Chương trình đào tạo quản trị mạng,24
8,Chương trình đào tạo kỹ sư phần mềm,30
9,Chương trình đào tạo an ninh mạng,36
10,Chương trình đào tạo thiết kế web,18
11,Chương trình đào tạo lập trình viên,36
12,Chương trình đào tạo quản trị mạng,24
13,Chương trình đào tạo kỹ sư phần mềm,30
14,Chương trình đào tạo an ninh mạng,36
15,Chương trình đào tạo thiết kế web,18
16,Chương trình đào tạo lập trình viên,36
17,Chương trình đào tạo quản trị mạng,24
18,Chương trình đào tạo kỹ sư phần mềm,30
19,Chương trình đào tạo an ninh mạng,36
20,Chương trình đào tạo thiết kế web,18
21,Chương trình đào tạo lập trình viên,36
22,Chương trình đào tạo quản trị mạng,24
23,Chương trình đào tạo kỹ sư phần mềm,30
24,Chương trình đào tạo an ninh mạng,36
25,Chương trình đào tạo thiết kế web,18
26,Chương trình đào tạo lập trình viên,36
27,Chương trình đào tạo quản trị mạng,24
28,Chương trình đào tạo kỹ sư phần mềm,30
29,Chương trình đào tạo an ninh mạng,36
30,Chương trình đào tạo thiết kế web,18
31,Chương trình đào tạo lập trình viên,36
32,Chương trình đào tạo quản trị mạng,24
33,Chương trình đào tạo kỹ sư phần mềm,30
34,Chương trình đào tạo an ninh mạng,36
36,Chương trình đào tạo lập trình viên,36
37,Chương trình đào tạo quản trị mạng,24
38,Chương trình đào tạo kỹ sư phần mềm,30
39,Chương trình đào tạo an ninh mạng,36
40,Chương trình đào tạo thiết kế web,18
41,Chương trình đào tạo lập trình viên,36
42,Chương trình đào tạo quản trị mạng,24
43,Chương trình đào tạo kỹ sư phần mềm,30
44,Chương trình đào tạo an ninh mạng,36
45,Chương trình đào tạo thiết kế web,18
46,Chương trình đào tạo lập trình viên,36
47,Chương trình đào tạo quản trị mạng,24
48,Chương trình đào tạo kỹ sư phần mềm,30
49,Chương trình đào tạo an ninh mạng,36
50,Chương trình đào tạo thiết kế web,18
52,Chương trình đào tạo quản trị mạng,24
53,Chương trình đào tạo kỹ sư phần mềm,30
54,Chương trình đào tạo an ninh mạng,36
55,Chương trình đào tạo thiết kế,55
